,longitude,latitude,date,month,daynight,10m_u_component_of_wind,10m_v_component_of_wind,2m_temperature,soil_temperature_level_1,soil_temperature_level_2,soil_temperature_level_3,soil_temperature_level_4,soil_type,total_precipitation,volumetric_soil_water_layer_1,volumetric_soil_water_layer_2,volumetric_soil_water_layer_3,volumetric_soil_water_layer_4
0,-117.568,53.337,2023-01-01,01,D,2.5159802,2.5883758,262.85846,272.5425,271.44046,272.86493,275.31985,2.0,0.0,0.29758304,0.2920214,0.29061806,0.35216644
1,-117.317,53.337,2023-01-01,01,D,2.5986462,2.1936626,262.8166,272.59473,271.36023,272.81754,275.7973,2.0,0.0,0.34742326,0.34092075,0.3405289,0.39939606
2,-117.568,53.087,2023-01-01,01,D,1.4903506,2.7963135,261.8955,272.6661,271.95822,273.15277,274.92963,1.0,0.0,0.22872552,0.22448899,0.2179814,0.28218558
3,-117.317,53.087,2023-01-01,01,D,2.1646204,2.8860455,262.575,272.72733,271.90247,273.17975,275.21088,1.0,0.0,0.26845407,0.26585615,0.25874904,0.32299864
4,-117.568,52.836,2023-01-01,01,D,0.66663927,2.4668207,258.88763,272.66483,272.34244,273.45847,274.94138,1.0,4.98211e-06,0.14631623,0.1492284,0.15415806,0.236539
5,-117.317,52.836,2023-01-01,01,D,1.3457147,2.5182004,259.5789,272.65826,272.2456,273.442,275.06256,1.0,4.0720975e-06,0.18302509,0.18370686,0.18841311,0.26836836
6,-117.794,54.413,2023-01-01,01,N,3.1057658,0.8164136,271.99792,270.17444,271.273,272.73837,276.09256,2.0,0.0,0.31894052,0.29954177,0.2891004,0.3476311
7,-117.544,54.413,2023-01-01,01,N,2.8147924,0.6613224,271.3551,269.93063,271.16354,272.60843,276.21973,2.0,0.0,0.33077857,0.3029438,0.3001014,0.36221486
8,-117.294,54.413,2023-01-01,01,N,2.3930044,0.6018575,270.24796,269.92404,271.20825,272.58453,276.36517,2.0,0.0,0.3342353,0.30513752,0.30706477,0.37480223
9,-117.794,54.162,2023-01-01,01,N,3.3502035,0.90012866,271.8864,270.54483,271.21613,272.60242,275.72202,2.0,0.0,0.32518116,0.31346804,0.30549896,0.36298147
10,-117.544,54.162,2023-01-01,01,N,2.9698975,0.73684484,271.74997,270.21375,271.0569,272.35757,275.72137,2.0,0.0,0.32655722,0.30922806,0.30355236,0.36108172
11,-117.294,54.162,2023-01-01,01,N,2.50857,0.69448435,271.18082,270.3118,271.1621,272.3442,275.78958,2.0,0.0,0.320778,0.30662847,0.300506,0.35965997
12,-118.217,53.747,2023-01-02,01,D,2.159391,3.2924423,261.73462,270.43796,272.00894,273.40878,275.5394,2.0,0.0,0.31299528,0.3110432,0.31302556,0.36832613
13,-117.9665,53.747,2023-01-02,01,D,2.192704,2.9626324,261.52603,269.77075,271.6794,273.217,275.62903,2.0,0.0,0.31886584,0.31692892,0.31518912,0.36800256
14,-117.716,53.747,2023-01-02,01,D,1.905097,2.8597267,261.17325,269.273,271.2886,272.72507,275.49658,2.0,0.0,0.31650013,0.31330118,0.30741107,0.36375573
15,-118.217,53.497,2023-01-02,01,D,2.5576649,2.401545,259.93597,271.12625,272.21173,273.33917,274.88123,1.0,0.0,0.24360597,0.24365696,0.23720314,0.28799632
16,-117.9665,53.497,2023-01-02,01,D,2.4646473,2.2592204,259.78937,270.19638,271.80536,273.2241,275.25513,2.0,0.0,0.29673192,0.29614684,0.29340735,0.3448
17,-117.716,53.497,2023-01-02,01,D,2.5072548,2.759677,260.92346,269.7224,271.54858,272.9926,275.4094,2.0,0.0,0.31544277,0.31307963,0.31248465,0.36532348
18,-118.217,53.246,2023-01-02,01,D,2.1291215,1.3428268,258.18707,271.45782,272.36487,273.30402,274.5012,1.0,0.0,0.2074318,0.20693237,0.20879903,0.24660647
19,-117.9665,53.246,2023-01-02,01,D,1.7876148,2.0180955,258.615,270.98486,272.15488,273.23853,274.72623,1.0,0.0,0.19424158,0.19067389,0.1970346,0.24210924
20,-117.716,53.246,2023-01-02,01,D,1.9500312,2.9595087,260.06244,270.5647,271.84503,273.0433,274.96725,1.0,0.0,0.23062305,0.22506733,0.2305177,0.28405187
21,-117.367,53.636,2023-01-03,01,D,2.3346941,1.1159477,256.5541,269.2968,271.11957,272.66968,275.91882,2.0,0.0,0.3776855,0.37256163,0.37109315,0.42198992
22,-117.1165,53.636,2023-01-03,01,D,2.312582,0.56728685,256.88797,269.43033,271.44492,273.11804,276.41074,2.0,0.0,0.41409314,0.40886205,0.41099554,0.45619157
23,-116.866,53.636,2023-01-03,01,D,2.39162,0.10598886,256.30878,269.1404,271.44916,273.42206,277.25458,2.0,0.0,0.48328716,0.47665697,0.4793989,0.52087486
24,-117.367,53.385,2023-01-03,01,D,2.5880795,2.0794997,259.92065,269.7452,271.42325,272.9917,275.9124,2.0,0.0,0.370601,0.3656035,0.3695051,0.41967666
25,-117.1165,53.385,2023-01-03,01,D,2.9464455,1.635066,259.90015,269.56857,271.33987,272.73032,276.08224,6.0,0.0,0.38895357,0.3823921,0.38238052,0.43658137
26,-116.866,53.385,2023-01-03,01,D,2.9679775,1.2134894,259.1784,269.25015,271.3373,273.03223,276.96588,6.0,0.0,0.46149722,0.4534458,0.45440438,0.50458163
27,-118.056,55.821,2023-01-03,01,N,1.2912289,0.5471124,260.43994,268.33914,270.3281,272.10364,276.87845,4.0,0.0,0.3738925,0.27361435,0.28022838,0.3692856
28,-117.8055,55.821,2023-01-03,01,N,0.84165394,1.2131724,259.5155,268.49765,270.5913,271.99048,276.38873,2.0,1.3514727e-07,0.32647386,0.24083078,0.25841883,0.32419652
29,-117.555,55.821,2023-01-03,01,N,0.5061137,1.4005404,258.4679,268.33215,270.50546,271.92645,276.17783,2.0,1.3514727e-07,0.30282432,0.22047828,0.24208462,0.3009398
30,-118.056,55.571,2023-01-03,01,N,1.1179423,1.2079694,262.59888,269.24286,270.76144,272.08023,276.47125,2.9999847,0.0,0.31787473,0.26657894,0.2672217,0.33600274
31,-117.8055,55.571,2023-01-03,01,N,1.1582347,1.3433964,262.36243,269.07898,270.7372,272.16248,276.62524,4.0,0.0,0.3500977,0.2744298,0.28618208,0.36978182
32,-117.555,55.571,2023-01-03,01,N,1.0165961,1.4759395,261.5217,268.87076,270.6445,272.1605,276.58813,4.0,0.0,0.3466799,0.26348487,0.2804344,0.36458743
33,-118.056,55.32,2023-01-03,01,N,1.4662882,1.5213097,261.31653,269.42648,270.73282,272.18027,276.75436,4.0,0.0,0.35918656,0.33080113,0.32890505,0.3909861
34,-117.8055,55.32,2023-01-03,01,N,1.2991701,1.4052231,261.65176,269.3485,270.75137,272.191,276.68866,4.0,0.0,0.37683728,0.3318125,0.33259383,0.4073656
35,-117.555,55.32,2023-01-03,01,N,1.2876831,1.3431586,262.31042,269.29483,270.78427,272.21637,276.689,4.0,0.0,0.38705856,0.33614564,0.33456242,0.41463494
36,-117.379,54.615,2023-01-04,01,D,1.7282064,1.8883672,257.02133,268.0759,270.95236,272.52954,276.3292,2.0,0.0,0.336681,0.2957527,0.30005887,0.36916086
37,-117.128,54.615,2023-01-04,01,D,1.2931633,1.9775171,256.57465,267.98114,270.94437,272.49173,276.3882,2.0,0.0,0.3468635,0.30219746,0.31288993,0.38810223
38,-117.379,54.364,2023-01-04,01,D,2.1070976,1.7272272,257.21353,268.2775,270.96634,272.5323,275.99863,2.0,0.0,0.33318248,0.30626768,0.30616477,0.36986315
39,-117.128,54.364,2023-01-04,01,D,1.6808853,1.918574,256.44492,268.3296,271.10904,272.55447,276.03934,2.0,0.0,0.32417274,0.30090484,0.29887307,0.3651821
40,-117.679,53.552,2023-01-04,01,N,1.6449326,1.4825282,267.78577,270.81973,271.22928,272.81635,275.24698,2.0,0.0,0.31409982,0.31157318,0.30831566,0.3641802
41,-117.4285,53.552,2023-01-04,01,N,1.7535253,1.4525638,268.91068,270.81567,271.12128,272.71777,275.58862,2.0,0.0,0.35135847,0.3469067,0.3476179,0.3965669
42,-117.178,53.552,2023-01-04,01,N,1.9172184,1.1540661,269.2624,270.88684,271.32513,273.1745,276.5419,2.0,0.0,0.44136792,0.43654722,0.44055885,0.4833358
43,-117.679,53.302,2023-01-04,01,N,1.7475724,1.983071,266.3879,271.12225,271.5387,272.9656,274.9825,1.0,0.0,0.25620204,0.2544115,0.25532603,0.313689
44,-117.4285,53.302,2023-01-04,01,N,2.123062,2.1522303,268.0116,271.0372,271.345,272.838,275.3592,2.0,0.0,0.3185417,0.31478128,0.31569913,0.3747382
45,-117.178,53.302,2023-01-04,01,N,2.2345066,1.672566,270.005,271.06848,271.22827,272.53027,275.43604,2.0,0.0,0.33177197,0.3255951,0.3230965,0.38587487
46,-117.679,53.051,2023-01-04,01,N,1.1478672,2.3285046,262.62708,271.77692,272.07568,273.21118,274.73007,1.0,0.0,0.21813947,0.21383756,0.2130732,0.26906043
47,-117.4285,53.051,2023-01-04,01,N,1.3486699,2.2252061,263.57153,271.53082,271.9558,273.20084,274.8241,1.0,0.0,0.23375079,0.22855619,0.22047752,0.28506577
48,-117.178,53.051,2023-01-04,01,N,1.7006963,1.9679453,265.6122,271.47693,271.9087,273.12564,275.09628,1.0,0.0,0.27100265,0.2674343,0.2598457,0.32508075
49,-115.918,54.407,2023-01-06,01,D,0.48972267,1.1010667,257.93695,267.63873,270.4981,272.05167,274.99652,2.0,0.0,0.30469948,0.28963757,0.28559977,0.3420049
50,-115.6675,54.407,2023-01-06,01,D,1.1846411,0.6698923,257.22974,267.46033,270.46133,272.00497,274.98865,2.0,0.0,0.29445618,0.27616882,0.2746411,0.33328733
51,-115.417,54.407,2023-01-06,01,D,1.6728976,0.5227362,257.06476,266.97412,270.19858,272.02267,275.10352,2.0,0.0,0.2862015,0.27455246,0.27528834,0.32716098
52,-115.918,54.157,2023-01-06,01,D,0.9932706,1.0656761,255.93909,267.70016,270.76398,272.53043,275.48572,2.0,0.0,0.29491732,0.274826,0.2625196,0.324051
53,-115.6675,54.157,2023-01-06,01,D,1.567018,0.65466404,255.48997,267.4805,270.73264,272.5512,275.578,2.0,0.0,0.28452593,0.25840998,0.24849342,0.3088744
54,-115.417,54.157,2023-01-06,01,D,1.7075764,0.48096836,256.01147,267.3344,270.70312,272.6431,275.7532,2.0,0.0,0.29298255,0.27093714,0.26633874,0.31193203
55,-115.918,53.906,2023-01-06,01,D,1.8430604,1.3816489,256.00876,267.94427,271.08942,273.0498,275.97702,2.0,0.0,0.2930512,0.2728189,0.2567222,0.31659147
56,-115.6675,53.906,2023-01-06,01,D,1.8739618,1.2824316,255.1237,267.77612,271.04047,272.99258,276.0135,2.0,0.0,0.28657767,0.26061577,0.2396937,0.3016311
57,-115.417,53.906,2023-01-06,01,D,1.9809337,1.0787878,255.51147,267.62805,270.96277,273.0945,276.19458,2.0,0.0,0.30104452,0.2779972,0.26347226,0.3055223
58,-122.495,56.538,2023-01-07,01,D,1.8353317,0.9267669,264.2475,270.83377,271.67953,272.40967,274.53867,2.0,0.0,0.17761347,0.15653884,0.21088506,0.27078003
59,-122.2445,56.538,2023-01-07,01,D,1.5211674,1.0995708,262.70648,269.59653,270.70444,272.27167,274.76205,1.0,0.0,0.13882652,0.09981893,0.17328669,0.23080188
60,-121.994,56.538,2023-01-07,01,D,1.1020031,1.0517472,261.77686,268.81464,270.1659,272.22342,275.05463,1.0,0.0,0.11111659,0.084537275,0.17192924,0.22317469
61,-122.495,56.288,2023-01-07,01,D,2.3192272,0.82988966,263.55466,271.00415,271.7103,272.34882,274.37378,1.0,0.0,0.19676903,0.15992695,0.1958056,0.25856438
62,-122.2445,56.288,2023-01-07,01,D,2.0491767,0.7204323,262.98074,270.4968,271.38495,272.13892,274.55112,1.0,0.0,0.19156948,0.15877494,0.20604065,0.26619625
63,-121.994,56.288,2023-01-07,01,D,1.6421598,0.5555769,262.88672,270.09912,271.18295,271.92114,274.69766,2.0,0.0,0.18269135,0.16796915,0.22265923,0.27715623
64,-122.495,56.037,2023-01-07,01,D,2.2908459,1.3459975,264.3266,271.58368,272.22516,273.0488,274.8431,2.0,0.0,0.24152905,0.23095597,0.23491153,0.30415165
65,-122.2445,56.037,2023-01-07,01,D,2.2343616,1.2100533,264.6518,271.15564,272.03296,272.8297,274.94305,2.0,0.0,0.2535078,0.24347281,0.25460327,0.32513964
66,-121.994,56.037,2023-01-07,01,D,1.9568628,1.1016694,265.13232,270.57947,271.69858,272.33972,274.86832,2.0,0.0,0.24277624,0.22256938,0.239573,0.30903262
67,-117.834,56.156,2023-01-07,01,N,0.15432584,1.6160412,264.16705,266.4429,268.27554,271.50812,275.14093,4.0,0.0,0.3125188,0.25811455,0.29041922,0.3131318
68,-117.5835,56.156,2023-01-07,01,N,0.07856384,1.9763513,263.77383,266.17743,268.1905,271.6992,275.4799,4.0,0.0,0.32946244,0.2623996,0.29224294,0.32201913
69,-117.333,56.156,2023-01-07,01,N,-0.13006574,2.131105,264.5753,266.11523,268.21716,271.8357,275.76105,4.0,0.0,0.34347165,0.25975817,0.28044876,0.32557866
70,-117.834,55.906,2023-01-07,01,N,-0.40759617,1.9963351,262.7815,266.04993,268.16357,271.87656,275.92892,2.0,0.0,0.33347332,0.252881,0.27449888,0.3330225
71,-117.5835,55.906,2023-01-07,01,N,-0.43811482,2.0774183,263.00717,266.0148,268.18222,271.79962,275.66675,2.0,0.0,0.30493295,0.22907251,0.2555286,0.30500197
72,-117.333,55.906,2023-01-07,01,N,-0.5755936,2.0996668,264.14746,266.0131,268.24768,271.98398,276.07874,4.0,0.0,0.33282483,0.23928429,0.25688154,0.32079983
73,-117.834,55.655,2023-01-07,01,N,0.11939648,2.2400925,265.27423,266.95096,268.97595,272.12292,276.29657,2.0,0.0,0.3483423,0.26239657,0.27408007,0.35381293
74,-117.5835,55.655,2023-01-07,01,N,0.08605984,2.2814922,265.5307,266.8908,268.9732,272.0426,276.05005,2.0,0.0,0.3207174,0.238227,0.25484842,0.32690895
75,-117.333,55.655,2023-01-07,01,N,-0.031704307,2.067934,265.42715,266.30258,268.5448,272.14594,276.3801,4.0,0.0,0.34778854,0.24864678,0.26299345,0.34575462
76,-117.78,53.873,2023-01-08,01,D,1.5712763,1.6850582,268.7827,270.86633,270.8239,272.60284,275.11563,2.0,1.6817661e-05,0.3241257,0.3154219,0.31055576,0.36464602
77,-117.5295,53.873,2023-01-08,01,D,1.3543907,1.7864752,268.46924,270.59412,270.3864,272.13217,274.93744,2.0,1.0104725e-05,0.32440597,0.31143445,0.30644292,0.36136466
78,-117.279,53.873,2023-01-08,01,D,1.1772671,1.674582,268.4137,270.72754,270.54932,272.30878,275.28912,2.0,8.924529e-06,0.34788495,0.33700144,0.33271503,0.38605136
79,-117.78,53.622,2023-01-08,01,D,1.6700268,1.5042967,268.70932,271.11923,271.10187,272.91226,275.14218,2.0,1.2938479e-05,0.31431156,0.31316167,0.3115051,0.3649198
80,-117.5295,53.622,2023-01-08,01,D,1.5900444,1.6947649,268.88577,270.94055,270.7371,272.4489,274.97498,2.0,8.064625e-06,0.31348622,0.31028205,0.30826238,0.3607586
81,-117.279,53.622,2023-01-08,01,D,1.6586952,1.2871771,269.05432,270.97345,270.86066,272.7992,275.91754,2.0,9.581277e-06,0.40578663,0.40148956,0.4026,0.44785386
82,-120.481,57.094,2023-01-08,01,N,0.33711126,-0.88690114,265.59113,270.529,270.01114,271.7713,275.00412,6.0,0.0,0.35070878,0.34387645,0.37310088,0.41569474
83,-120.2305,57.094,2023-01-08,01,N,0.21337835,-0.67730695,266.52313,270.4831,269.98053,271.8212,275.21994,6.0,0.0,0.39658678,0.38702798,0.41089398,0.44850147
84,-119.98,57.094,2023-01-08,01,N,0.1382246,-0.4683068,267.0061,270.49643,270.01535,272.3109,275.82394,6.0,0.0,0.48275924,0.47241586,0.49472493,0.5213823
85,-120.481,56.844,2023-01-08,01,N,0.3881512,-0.74250454,265.80383,271.57318,270.40268,272.23273,275.7271,3.9999847,0.0,0.38575476,0.36806145,0.4160759,0.4661103
86,-120.2305,56.844,2023-01-08,01,N,0.15847151,-0.5263567,267.23764,271.7704,270.56244,272.18567,275.66882,3.9999847,0.0,0.39630347,0.37530273,0.41263562,0.460233
87,-119.98,56.844,2023-01-08,01,N,-0.08716129,-0.4815737,267.89954,271.44534,270.41708,272.0828,275.48117,3.0,0.0,0.40267828,0.38398227,0.41643348,0.45588127
88,-120.481,56.593,2023-01-08,01,N,0.4613464,-0.7327188,266.09534,272.1953,270.6209,272.05823,275.6137,3.9999847,2.6057387e-07,0.31631926,0.28274283,0.33975127,0.41095078
89,-120.2305,56.593,2023-01-08,01,N,0.18327166,-0.7101006,267.04596,271.9086,270.5041,271.75912,275.20605,3.9999847,0.0,0.2965694,0.26548374,0.31339806,0.3799061
90,-119.98,56.593,2023-01-08,01,N,-0.06131491,-0.8707215,267.6085,271.04913,269.9803,271.46765,274.75388,3.0,0.0,0.25633025,0.22040169,0.27773732,0.33239454
91,-118.03,53.162,2023-01-09,01,D,1.0908744,1.6647948,268.47632,272.48462,271.8904,273.20758,274.4091,1.0,4.4525288e-05,0.18672611,0.19180565,0.19414955,0.23972654
92,-117.7795,53.162,2023-01-09,01,D,1.1659386,2.1108603,269.04724,272.40033,271.6786,273.09647,274.54724,1.0,4.313472e-05,0.20210119,0.20715013,0.2095151,0.26095754
93,-117.529,53.162,2023-01-09,01,D,1.4392629,2.4573212,269.6173,272.3023,271.47125,272.90952,274.68518,2.0,4.75334e-05,0.2480821,0.25107956,0.24960238,0.30989957
94,-118.03,52.912,2023-01-09,01,D,0.48095438,1.7991197,267.6051,272.85986,272.3363,273.34647,274.3745,1.0,0.00010474715,0.19743831,0.19883345,0.20184463,0.24344419
95,-117.7795,52.912,2023-01-09,01,D,0.4997108,2.1213064,267.6515,272.66153,272.1409,273.2961,274.4647,1.0,9.187285e-05,0.1911931,0.19195196,0.19514316,0.24486896
96,-117.529,52.912,2023-01-09,01,D,0.70189536,2.1756396,267.0139,272.27658,271.93274,273.2643,274.5512,1.0,8.534975e-05,0.17333712,0.17243434,0.17244095,0.24048875
97,-118.03,52.661,2023-01-09,01,D,0.20866895,1.6016084,266.9392,273.06638,272.70868,273.48795,274.5625,1.0,0.00018755304,0.18823114,0.19110374,0.19507241,0.24005036
98,-117.7795,52.661,2023-01-09,01,D,0.17858171,1.8610656,266.1816,272.86465,272.52612,273.44165,274.5461,1.0,0.00012637254,0.1692017,0.17119424,0.17795038,0.23366998
99,-117.529,52.661,2023-01-09,01,D,0.39913794,2.0246923,265.18738,272.2992,272.1749,273.36334,274.66367,1.0,0.00010437031,0.13549131,0.13694,0.14880663,0.22828221
100,-116.035,55.159,2023-01-09,01,N,-0.14201474,-0.71636486,268.06003,271.11182,270.41858,271.91217,274.9531,2.0,1.39486065e-05,0.30053896,0.280101,0.28792483,0.34031
101,-115.7845,55.159,2023-01-09,01,N,-0.210527,-0.65774065,267.69583,270.99014,270.4042,271.93173,274.88226,2.0,2.397069e-05,0.29880187,0.28244707,0.2941351,0.33995187
102,-115.534,55.159,2023-01-09,01,N,-0.30091813,-0.6139844,267.68298,270.8091,270.33447,271.8483,274.79974,2.0,1.6102442e-05,0.29363835,0.27283877,0.2925974,0.3353021
103,-116.035,54.909,2023-01-09,01,N,-0.37940663,-0.34194267,270.6748,271.66727,270.6761,271.9901,274.7936,2.0,2.2863378e-06,0.30775622,0.29857707,0.29889122,0.3562949
104,-115.7845,54.909,2023-01-09,01,N,-0.46921146,-0.13930114,270.25137,271.47482,270.6495,272.02567,274.77002,2.0,7.739045e-06,0.3058783,0.29529867,0.302498,0.36003327
105,-115.534,54.909,2023-01-09,01,N,-0.45812777,-0.1627443,270.4473,271.08478,270.43228,271.84842,274.65845,2.0,7.2785424e-06,0.29755178,0.28882,0.30162925,0.3550084
106,-116.035,54.658,2023-01-09,01,N,-0.74719703,0.0047324747,271.06833,271.70377,270.64417,272.00644,274.73685,2.0,1.926749e-06,0.3151294,0.3034956,0.30384165,0.35734102
107,-115.7845,54.658,2023-01-09,01,N,-0.751878,0.35199445,270.7662,271.27393,270.4953,271.8069,274.49857,2.0,2.5059935e-06,0.30607855,0.29217464,0.2954809,0.35756293
108,-115.534,54.658,2023-01-09,01,N,-0.57801956,0.18574043,271.47375,271.0859,270.36188,271.764,274.54587,2.0,3.4606383e-06,0.29262316,0.28840458,0.29738292,0.3501975
109,-117.639,53.857,2023-01-11,01,D,0.45736003,1.4348366,256.9336,271.5144,271.0263,272.29456,274.8025,2.0,6.890634e-07,0.32401174,0.31186458,0.3064856,0.36171794
110,-117.3885,53.857,2023-01-11,01,D,0.14721525,1.7074431,258.40533,271.50705,270.9567,272.1459,274.7905,2.0,9.536808e-07,0.32273644,0.30934685,0.30478254,0.36059067
111,-117.138,53.857,2023-01-11,01,D,0.019830883,1.3134273,260.333,272.16742,271.21817,272.58112,275.36063,2.0,1.5903497e-06,0.35938862,0.3480823,0.34725627,0.4000768
112,-117.639,53.607,2023-01-11,01,D,0.9163828,1.4367884,257.0173,271.742,271.24945,272.5896,274.8398,2.0,4.0774967e-07,0.31374478,0.30968386,0.30706826,0.3621784
113,-117.3885,53.607,2023-01-11,01,D,0.57030696,1.2234014,257.3796,271.94162,271.1997,272.63187,275.37994,2.0,4.0774967e-07,0.37133303,0.36587694,0.36688718,0.41475165
114,-117.138,53.607,2023-01-11,01,D,0.43715087,0.8187434,259.32178,272.5758,271.44003,273.07712,276.03598,2.0,1.0193255e-06,0.4182647,0.4146219,0.41937673,0.46371472
115,-117.639,53.356,2023-01-11,01,D,1.085291,1.931048,258.2178,272.19815,271.5364,272.84647,274.78494,1.0,5.684342e-14,0.28170615,0.28470474,0.28539693,0.34398282
116,-117.3885,53.356,2023-01-11,01,D,0.74679166,1.7935991,258.6269,272.37347,271.47446,272.8842,275.3347,2.0,5.684342e-14,0.34591052,0.34715053,0.35075435,0.4040415
117,-117.138,53.356,2023-01-11,01,D,0.9936751,1.3886524,259.15414,272.5433,271.41476,272.59406,275.3528,2.0,5.684342e-14,0.36071184,0.3577409,0.35694906,0.41286615
118,-115.918,55.898,2023-01-12,01,N,-1.6045132,0.5233853,264.1312,268.99042,270.941,271.65723,274.62955,3.0,1.4210855e-14,0.29708868,0.2735204,0.26407397,0.3072068
119,-115.6675,55.898,2023-01-12,01,N,-1.6524873,0.7286735,264.2222,268.82327,270.92273,271.81485,275.0047,3.0,1.4210855e-14,0.32860324,0.30652255,0.30028224,0.33699113
120,-115.417,55.898,2023-01-12,01,N,-1.6651521,0.76627773,264.22784,268.61096,270.8559,271.99908,275.47787,3.0,1.4210855e-14,0.3813005,0.36103445,0.3589831,0.38513386
121,-115.918,55.648,2023-01-12,01,N,-2.1100843,-0.0064531863,263.90454,268.83646,271.0319,271.56592,274.73236,3.0,1.4210855e-14,0.32290044,0.30052444,0.30214345,0.33536318
122,-115.6675,55.648,2023-01-12,01,N,-2.2018766,0.22300473,264.0378,268.69308,271.0202,271.66895,275.01907,3.0,1.4210855e-14,0.3508597,0.33259454,0.33842543,0.36108863
123,-115.417,55.648,2023-01-12,01,N,-2.4772387,0.78387445,264.93857,269.4744,271.62,272.29633,274.7542,3.0,3.5257136e-07,0.26409772,0.25065875,0.2546652,0.26792428
124,-115.918,55.397,2023-01-12,01,N,-1.8385292,-0.18755108,264.66086,268.80344,271.17706,271.7702,274.99677,4.0,1.4210855e-14,0.33337247,0.31150743,0.32514414,0.36316204
125,-115.6675,55.397,2023-01-12,01,N,-2.216771,0.43451568,264.9435,268.70953,271.2023,271.63385,274.71927,3.0,1.4210855e-14,0.32388473,0.31149623,0.32241946,0.34999546
126,-115.417,55.397,2023-01-12,01,N,-2.5984707,1.1627603,266.0042,269.72986,271.95047,272.24686,274.0422,3.0,4.3860928e-07,0.18583924,0.17761236,0.18646342,0.20492375
127,-117.182,54.419,2023-01-14,01,D,-0.047761142,1.7127342,264.8182,269.26715,271.26852,272.56198,275.46777,2.0,0.0,0.3304514,0.306658,0.30755785,0.3715068
128,-116.9315,54.419,2023-01-14,01,D,-0.5494503,1.7057804,263.87347,269.17117,271.16864,272.3988,275.3159,2.0,0.0,0.32270557,0.29809216,0.29659003,0.3616664
129,-116.681,54.419,2023-01-14,01,D,-0.8247088,1.5386778,262.80182,269.09952,271.09125,272.26834,275.14664,2.0,6.511907e-07,0.3190504,0.2948271,0.2931646,0.35901335
130,-117.182,54.169,2023-01-14,01,D,0.51625466,1.750884,265.7363,269.48398,271.08954,272.32016,274.90955,2.0,0.0,0.31944758,0.30391988,0.29827848,0.35544094
131,-116.9315,54.169,2023-01-14,01,D,0.39109367,1.7313673,264.5588,269.46686,271.2915,272.49924,275.0273,2.0,0.0,0.30991182,0.2991601,0.2920235,0.35054258
132,-116.681,54.169,2023-01-14,01,D,0.14569932,1.6128837,263.1618,269.36652,271.19214,272.38962,274.9118,2.0,6.55161e-07,0.30209005,0.2888922,0.2821145,0.34369928
133,-117.182,53.919,2023-01-14,01,D,1.0498089,1.4106759,266.75677,269.71487,271.0511,272.38922,274.97076,2.0,5.1015522e-06,0.34462106,0.33069938,0.32821798,0.38236982
134,-116.9315,53.919,2023-01-14,01,D,1.0640243,1.20988,265.70377,269.72922,271.35266,272.70923,275.18335,2.0,5.1015522e-06,0.33803046,0.32935074,0.32702622,0.3820848
135,-116.681,53.919,2023-01-14,01,D,1.1323835,1.121459,263.95572,269.64294,271.39362,272.83112,275.2646,2.0,7.7893776e-07,0.325127,0.3174535,0.31010035,0.366635
136,-117.135,54.389,2023-01-15,01,D,0.5568745,0.46294475,258.83456,267.92188,271.1909,272.53683,275.32547,2.0,0.0,0.32758728,0.3031486,0.30239528,0.36650127
137,-116.8845,54.389,2023-01-15,01,D,-0.070933685,0.69964075,258.14142,267.8949,271.0889,272.36844,275.1477,2.0,0.0,0.32083333,0.29763067,0.29572052,0.35873026
138,-116.634,54.389,2023-01-15,01,D,-0.5014445,0.87908596,258.0441,267.88492,271.00412,272.25348,275.00027,2.0,0.0,0.31463155,0.2917465,0.29107282,0.35574397
139,-117.135,54.139,2023-01-15,01,D,0.3673289,0.3480248,258.6248,268.19385,271.02148,272.29462,274.809,2.0,0.0,0.31808996,0.30309898,0.29615718,0.35380405
140,-116.8845,54.139,2023-01-15,01,D,0.2740015,0.36592072,258.70715,268.285,271.2132,272.52548,274.9726,2.0,0.0,0.31097594,0.30024844,0.2925902,0.35082784
141,-116.634,54.139,2023-01-15,01,D,-0.11527996,0.5645845,258.56882,268.2569,271.11993,272.412,274.8394,2.0,0.0,0.304249,0.2928584,0.28664422,0.34737366
142,-117.135,53.888,2023-01-15,01,D,0.48116606,0.12983203,258.78882,268.53616,271.0845,272.52115,275.05206,2.0,0.0,0.3521139,0.33955896,0.33755994,0.3913018
143,-116.8845,53.888,2023-01-15,01,D,0.40676576,0.11638984,258.94443,268.64285,271.30038,272.78647,275.2403,2.0,0.0,0.3457025,0.33754894,0.33512887,0.38938135
144,-116.634,53.888,2023-01-15,01,D,0.47859833,-0.0053592026,259.6293,268.58762,271.3404,272.89923,275.29333,2.0,0.0,0.32809272,0.32063696,0.3122462,0.36808458
145,-118.781,54.299,2023-01-15,01,N,-0.020991176,-0.5869312,267.74463,269.7757,271.59277,273.14417,275.13867,2.0,2.753252e-07,0.3111701,0.31021145,0.29381704,0.35382763
146,-118.5305,54.299,2023-01-15,01,N,-0.3224574,-0.6972747,267.9389,269.69928,271.4895,273.08987,275.23175,2.0,2.4280826e-07,0.30768868,0.30542243,0.29169258,0.34968328
147,-118.28,54.299,2023-01-15,01,N,-0.6336339,-0.6100328,268.1968,269.72443,271.45227,273.027,275.1873,2.0,4.8320508e-06,0.3177389,0.31175482,0.3040863,0.35752603
148,-118.781,54.049,2023-01-15,01,N,-0.011594087,-0.27755976,268.5707,270.19467,271.7382,273.18878,274.7747,2.0,2.2737368e-13,0.30501127,0.30726665,0.2922014,0.34487414
149,-118.5305,54.049,2023-01-15,01,N,-0.24787867,-0.4005443,268.62082,270.0843,271.65622,273.19424,274.9742,2.0,3.262021e-07,0.3199877,0.32137975,0.31075796,0.36208653
150,-118.28,54.049,2023-01-15,01,N,-0.53916943,-0.44010726,268.81976,270.0228,271.53357,273.0795,275.00095,2.0,7.7576203e-07,0.32469904,0.3223123,0.3165146,0.3660863
151,-118.781,53.798,2023-01-15,01,N,-0.33306944,0.3771883,268.78043,270.8171,271.95502,273.1587,274.34735,1.0,2.2737368e-13,0.23775256,0.23696035,0.22922863,0.27753383
152,-118.5305,53.798,2023-01-15,01,N,-0.39753917,0.17402852,268.51746,270.602,271.87598,273.22458,274.6954,2.0,4.1755925e-07,0.28855282,0.28844398,0.28437227,0.33392617
153,-118.28,53.798,2023-01-15,01,N,-0.5198057,-0.024573267,269.10214,270.34854,271.72113,273.21118,274.90002,2.0,8.030438e-07,0.31496197,0.3151802,0.31300497,0.36325
154,-115.939,53.243,2023-01-16,01,D,0.97456086,0.7254753,263.49112,269.22766,271.05743,273.35797,277.91525,6.0,0.00026758068,0.5877059,0.5783223,0.57817763,0.62744594
155,-115.6885,53.243,2023-01-16,01,D,1.2105131,0.3778695,264.2331,268.94983,270.96143,273.23004,277.74722,6.0,0.00013920956,0.55790263,0.54639405,0.54186547,0.5946097
156,-115.438,53.243,2023-01-16,01,D,1.0845549,0.1563322,265.05493,269.0088,271.08618,273.18448,276.88257,6.0,6.7673085e-05,0.45242563,0.4426327,0.4334943,0.48088917
157,-115.939,52.992,2023-01-16,01,D,1.4420215,0.12534183,262.45728,268.89517,270.6514,272.88397,277.37616,6.0,6.638456e-05,0.58474463,0.55957264,0.56566924,0.6064687
158,-115.6885,52.992,2023-01-16,01,D,1.408424,-0.050266296,263.4373,269.17502,271.00998,273.05472,277.4762,6.0,7.1548624e-05,0.54848695,0.53219014,0.5288143,0.582853
159,-115.438,52.992,2023-01-16,01,D,1.2246726,0.018698514,264.51828,269.34146,271.1932,273.101,276.68338,6.0,4.99492e-05,0.4375022,0.42421234,0.41426772,0.47497246
160,-115.882,53.674,2023-01-17,01,D,1.3327292,1.1606112,260.3343,270.5556,271.17114,273.12396,275.57892,2.0,2.0982557e-06,0.3088569,0.30090243,0.28143078,0.32990575
161,-115.632,53.674,2023-01-17,01,D,1.2110755,1.4483619,261.2686,270.27774,271.11597,273.06448,275.58258,2.0,5.522547e-06,0.30359298,0.29419816,0.27026767,0.3187006
162,-115.382,53.674,2023-01-17,01,D,1.1462536,1.5561326,262.39655,270.13028,271.1073,273.08606,275.69904,2.0,7.99587e-06,0.31040817,0.30119258,0.28283542,0.31769127
163,-115.882,53.424,2023-01-17,01,D,1.2709473,1.6908126,259.9858,270.22275,271.14777,273.2223,276.4409,2.0,4.5474735e-13,0.4081454,0.400758,0.39257237,0.44319412
164,-115.632,53.424,2023-01-17,01,D,1.2903379,1.5639749,259.833,269.95935,271.099,273.1288,276.20685,2.0,3.8909934e-07,0.3787877,0.37018552,0.35808957,0.40514603
165,-115.382,53.424,2023-01-17,01,D,1.226046,1.6273358,260.9046,269.82556,271.08893,273.135,276.28287,2.0,3.6794204e-06,0.3828785,0.37361234,0.3634909,0.3993039
166,-115.882,53.173,2023-01-17,01,D,1.69009,1.7439547,260.32156,269.89255,271.00204,273.26547,277.80255,6.0,4.5474735e-13,0.58519393,0.57386124,0.5730631,0.62250847
167,-115.632,53.173,2023-01-17,01,D,1.8016033,1.4193072,259.6993,269.62628,270.95392,273.15637,277.46,6.0,4.5474735e-13,0.5361083,0.5229284,0.5184441,0.5695621
168,-115.382,53.173,2023-01-17,01,D,1.3278191,1.5513436,259.10504,269.8562,271.10312,273.15295,276.49982,6.0,4.5474735e-13,0.41531724,0.40305394,0.39377832,0.445864
169,-116.392,52.874,2023-01-18,01,D,2.4677002,2.378599,261.9506,269.2286,271.17166,272.92017,275.7196,2.0,0.0,0.43272358,0.4208069,0.431467,0.46102655
170,-116.1415,52.874,2023-01-18,01,D,2.5774398,2.236686,261.88898,268.04718,270.2073,272.09818,275.59656,2.0,0.0,0.44043595,0.43016893,0.44243497,0.47250742
171,-115.891,52.874,2023-01-18,01,D,2.769075,1.9248122,260.96072,267.94965,270.36115,272.25638,276.129,2.0,0.0,0.46202683,0.45581728,0.46355462,0.50347096
172,-116.392,52.624,2023-01-18,01,D,2.7351022,2.4343023,261.65143,270.3551,271.64417,272.95456,274.84286,1.0,0.0,0.29704276,0.298346,0.31360257,0.33980817
173,-116.1415,52.624,2023-01-18,01,D,2.834753,2.3681285,261.71152,269.17316,270.6555,272.06595,274.61606,1.0,0.0,0.29640898,0.29997617,0.31657648,0.34365025
174,-115.891,52.624,2023-01-18,01,D,2.8261666,2.545682,262.11343,268.91486,270.7236,272.11566,274.80014,2.0,0.0,0.32017994,0.3203907,0.3349128,0.37068096
175,-116.392,52.373,2023-01-18,01,D,2.37467,1.8896447,261.69037,271.04663,271.90793,272.9397,274.4005,1.0,1.4507095e-06,0.21182084,0.20852953,0.22789407,0.25565296
176,-116.1415,52.373,2023-01-18,01,D,2.51867,2.552329,261.72366,270.74915,271.84027,272.99182,274.6682,1.0,0.0,0.23051384,0.23255908,0.24728402,0.2798891
177,-115.891,52.373,2023-01-18,01,D,2.513805,2.7750206,262.1326,270.5084,271.93417,273.07916,274.88654,1.0,0.0,0.25738505,0.25636977,0.2691948,0.3103686
178,-118.085,55.928,2023-01-19,01,D,3.055138,0.9013697,266.15417,268.99557,270.79446,271.85043,275.4653,4.0,0.0,0.36711955,0.27626726,0.28627393,0.37002537
179,-117.834,55.928,2023-01-19,01,D,2.707076,1.3770411,265.8396,268.7729,270.8198,271.80286,275.012,2.0,0.0,0.3260708,0.25538498,0.2750175,0.33346325
180,-118.085,55.678,2023-01-19,01,D,3.493424,1.5945699,267.58127,269.1323,270.91913,272.11642,275.49863,4.0,0.0,0.3435508,0.27250335,0.27271223,0.35018396
181,-117.834,55.678,2023-01-19,01,D,3.0741796,1.6754475,267.29062,268.8566,270.86456,272.09766,275.4209,2.0,0.0,0.3398875,0.2621153,0.26877183,0.34811577
182,-118.085,55.427,2023-01-19,01,D,4.0028524,2.0485866,268.3017,269.54388,271.121,272.09674,275.23074,2.9999847,0.0,0.31795573,0.2973706,0.293169,0.34850046
183,-117.834,55.427,2023-01-19,01,D,3.7085729,2.0324986,268.14355,269.23114,271.06137,272.17953,275.46542,4.0,0.0,0.35266966,0.3076988,0.31141156,0.38587433
184,-121.584,52.02,2023-01-19,01,N,-1.9442573,1.7018216,271.25558,272.91873,273.22763,273.9766,275.96292,2.0,0.0,0.3489669,0.3481545,0.30544668,0.34152225
185,-121.3335,52.02,2023-01-19,01,N,-2.000924,1.4223747,270.75558,272.93173,273.24313,273.98895,275.92978,2.0,0.0,0.34052315,0.33965054,0.3058328,0.3468139
186,-121.083,52.02,2023-01-19,01,N,-1.7790363,1.1962824,270.16342,273.00168,273.27966,273.96725,275.75604,2.0,0.0,0.32430142,0.32298914,0.3034265,0.34797597
187,-121.584,51.77,2023-01-19,01,N,-1.5862185,1.9392333,271.55737,272.8855,273.13806,273.93573,275.85983,2.0,0.0,0.34406772,0.34088266,0.3016931,0.33433452
188,-121.3335,51.77,2023-01-19,01,N,-1.7132645,1.694513,271.37192,272.95886,273.19403,273.9553,275.849,2.0,0.0,0.33956766,0.33727098,0.3049689,0.34000286
189,-121.083,51.77,2023-01-19,01,N,-1.5209482,1.2826583,271.2982,273.07913,273.29553,274.006,275.84833,2.0,0.0,0.32650453,0.3236347,0.3009346,0.33502346
190,-121.584,51.519,2023-01-19,01,N,-0.97394663,2.1120691,271.15942,272.78146,273.112,273.86087,275.6291,2.0,0.0,0.3220008,0.31165165,0.27262777,0.31844783
191,-121.3335,51.519,2023-01-19,01,N,-1.0931101,2.093525,271.49313,272.97873,273.12564,273.86606,275.61865,2.0,0.0,0.33481085,0.32961148,0.29338336,0.33168417
192,-121.083,51.519,2023-01-19,01,N,-1.1798812,1.8574129,271.62192,273.02856,273.15854,273.87405,275.61685,2.0,0.0,0.33057994,0.32533306,0.29528144,0.33292598
193,-111.297,56.279,2023-01-20,01,D,4.566797,0.9105099,266.8326,267.61923,268.81357,270.84528,274.9646,3.0,0.0,0.4489026,0.41630715,0.41767347,0.44539487
194,-111.0465,56.279,2023-01-20,01,D,4.467093,0.67050886,267.13306,267.58127,268.8943,271.5203,275.97662,6.0,0.0,0.50755644,0.48706552,0.49190354,0.5250036
195,-110.796,56.279,2023-01-20,01,D,4.197077,0.4945767,266.96423,267.439,268.9285,272.01846,276.7072,6.0,0.0,0.55149555,0.5411198,0.54967296,0.5875429
196,-111.297,56.029,2023-01-20,01,D,4.6810675,0.28108507,266.74182,267.94696,269.0663,272.19037,276.4245,6.0,0.0,0.5922789,0.56512123,0.5768024,0.60167634
197,-111.0465,56.029,2023-01-20,01,D,4.495612,0.3692449,267.13068,267.8019,268.96594,272.19522,276.65543,6.0,0.0,0.58048755,0.5664874,0.57410157,0.60046184
198,-110.796,56.029,2023-01-20,01,D,4.2374825,0.70631796,267.06906,267.75098,268.94504,272.18127,276.75577,6.0,0.0,0.5654447,0.559736,0.56673765,0.59640783
199,-111.297,55.778,2023-01-20,01,D,4.442227,0.40228814,266.95663,268.17654,269.03195,272.4547,276.4958,6.0,0.0,0.5982213,0.5739266,0.5905174,0.607489
200,-111.0465,55.778,2023-01-20,01,D,4.1386075,0.8048998,266.86768,268.1212,268.99704,272.44766,276.52805,6.0,0.0,0.58626133,0.57013845,0.58696467,0.6065738
201,-110.796,55.778,2023-01-20,01,D,3.8934696,1.1567107,266.76953,268.0911,268.99036,272.44666,276.6263,6.0,0.0,0.5728089,0.56460655,0.58143383,0.60454804
202,-119.672,58.22,2023-01-20,01,N,2.69032,3.0017042,274.11746,269.6524,271.15195,272.4543,276.28958,6.0,0.0,0.49222863,0.45625672,0.48222312,0.4959363
203,-119.4215,58.22,2023-01-20,01,N,2.9828486,2.7582908,274.11984,269.6751,271.14545,272.36337,276.0651,6.0,0.0,0.4861363,0.45421258,0.471546,0.48294622
204,-119.171,58.22,2023-01-20,01,N,3.146957,2.416072,274.13483,269.7439,271.15695,271.91367,275.21088,6.0,0.0,0.41107428,0.3826062,0.39725047,0.4206282
205,-119.672,57.969,2023-01-20,01,N,2.8598638,3.204936,273.3379,269.83612,271.21985,272.1386,275.51404,6.0,0.0,0.48701686,0.47123286,0.48338607,0.53680825
206,-119.4215,57.969,2023-01-20,01,N,3.2018433,2.9180064,273.34067,269.84692,271.20193,272.0967,275.40656,6.0,0.0,0.491443,0.47737315,0.4841562,0.5290329
207,-119.171,57.969,2023-01-20,01,N,3.2920046,2.6867628,273.52542,269.8031,271.21655,272.2987,275.58572,6.0,0.0,0.5067717,0.48596925,0.49941188,0.5383059
208,-121.08,55.611,2023-01-21,01,D,3.2262075,3.539744,275.4866,272.53525,272.00397,272.24625,274.19412,3.0,9.824453e-06,0.3046385,0.2849376,0.2845058,0.32497737
209,-120.8295,55.611,2023-01-21,01,D,3.7864048,3.6372347,276.06055,272.63385,271.9631,272.2158,274.3489,3.0,2.777244e-06,0.3149305,0.2801163,0.27890387,0.31721824
210,-120.579,55.611,2023-01-21,01,D,4.2402887,3.604507,276.5111,272.8777,271.8929,272.2831,274.60812,3.0,1.1693337e-06,0.32015097,0.26491553,0.26828092,0.3042569
211,-121.08,55.361,2023-01-21,01,D,2.7220328,3.2222555,274.9863,272.79858,272.20514,272.69214,274.36844,1.9999847,2.5981439e-05,0.2954227,0.29380554,0.2898941,0.343592
212,-120.8295,55.361,2023-01-21,01,D,3.3148932,3.355751,275.6093,272.86462,272.1162,272.5263,274.43393,1.9999847,1.6042804e-05,0.30607265,0.29095536,0.285771,0.33677137
213,-120.579,55.361,2023-01-21,01,D,3.9638915,3.5704923,276.31262,272.86874,271.80197,271.86215,274.2085,1.9999847,2.7184942e-06,0.31952396,0.289513,0.28385776,0.32940385
214,-121.08,55.11,2023-01-21,01,D,2.3527155,2.928464,273.9776,273.01773,272.44553,273.14532,274.44235,1.0,8.486357e-05,0.24447884,0.24114652,0.23203564,0.29489642
215,-120.8295,55.11,2023-01-21,01,D,2.889323,3.1033502,275.00583,272.9065,272.37418,273.13446,274.65286,1.0,3.550756e-05,0.26893345,0.26460055,0.25906178,0.31911752
216,-120.579,55.11,2023-01-21,01,D,3.5549984,3.3421342,275.8083,272.82227,272.08066,272.51794,274.48212,1.9999847,1.8622608e-05,0.28976458,0.27438295,0.26911968,0.32480943
217,-122.265,52.578,2023-01-21,01,N,-0.35161304,1.9609313,272.05258,273.09573,272.99796,273.80084,275.90717,2.0,0.00041522583,0.38482565,0.38258505,0.3299533,0.377101
218,-122.0145,52.578,2023-01-21,01,N,-0.9170066,2.1234655,271.86023,273.07993,273.09204,273.82928,275.71115,2.0,0.0006544028,0.349959,0.34927753,0.3019304,0.346419
219,-121.764,52.578,2023-01-21,01,N,-1.0868654,1.5595032,271.27243,273.0764,273.16068,273.8586,275.6306,2.0,0.00090419315,0.3384903,0.3384571,0.3034834,0.34778306
220,-122.265,52.328,2023-01-21,01,N,0.101371735,1.1836059,271.96906,272.9089,273.05942,273.80563,275.7214,2.0,0.00037247106,0.3370253,0.331592,0.27186656,0.33204198
221,-122.0145,52.328,2023-01-21,01,N,-0.4706587,1.1663522,272.0306,272.86768,273.1402,273.87228,275.7646,2.0,0.00058396545,0.33354604,0.33005112,0.27558473,0.3297432
222,-121.764,52.328,2023-01-21,01,N,-0.9957702,1.3475626,271.9479,272.76852,273.16602,273.9376,275.81287,2.0,0.0007506808,0.33973053,0.33924058,0.29353064,0.33875954
223,-122.265,52.077,2023-01-21,01,N,0.2851744,0.5955115,272.12396,272.71835,273.09827,273.83588,275.70633,2.0,0.0003066566,0.31225866,0.30491018,0.25593674,0.30978876
224,-122.0145,52.077,2023-01-21,01,N,-0.23738283,1.0954489,272.33002,272.60538,273.2123,273.9262,275.7856,2.0,0.00044723038,0.32726192,0.3239991,0.2747275,0.32103297
225,-121.764,52.077,2023-01-21,01,N,-0.8979961,1.8172593,272.1677,272.55325,273.11542,273.95898,275.85867,2.0,0.0005579971,0.34359846,0.34360477,0.30025768,0.33512753
226,-117.098,54.75,2023-01-22,01,D,5.218383,-1.8030022,273.19937,272.79404,271.26938,272.34137,275.28314,4.0,0.00062919676,0.41058135,0.31920755,0.33038223,0.40018755
227,-116.847,54.75,2023-01-22,01,D,5.1437063,-1.9167631,272.98303,272.82318,271.22385,272.21176,275.00165,4.0,0.0006833913,0.39402774,0.31562975,0.32892033,0.3974934
228,-117.098,54.5,2023-01-22,01,D,5.3844748,-1.9128398,273.16748,272.7772,271.35904,272.48642,275.11072,2.0,0.00038118468,0.38584164,0.30737823,0.30508053,0.37330994
229,-116.847,54.5,2023-01-22,01,D,5.3955984,-2.0015097,273.1578,272.74643,271.27798,272.3249,274.92377,2.0,0.0003918478,0.37151065,0.30311006,0.3008956,0.36728194
230,-117.098,54.249,2023-01-22,01,D,5.1827855,-2.0705636,272.63998,272.7601,271.37177,272.38376,274.56833,2.0,0.00017812275,0.35065198,0.30685174,0.29132333,0.35063767
231,-116.847,54.249,2023-01-22,01,D,5.2473836,-2.219697,272.82925,272.70197,271.3334,272.32468,274.50504,2.0,0.00017870101,0.33339286,0.29411495,0.2783717,0.33943182
232,-124.316,54.469,2023-01-22,01,N,0.6285142,1.6024561,270.78302,272.79227,272.23364,271.58673,274.16763,2.0,0.0,0.35651684,0.35353532,0.30972308,0.35388908
233,-124.0655,54.469,2023-01-22,01,N,0.8494508,1.8197424,271.05582,272.70383,272.06964,271.2674,273.93784,2.0,0.0,0.33873278,0.33534092,0.29021853,0.33820036
234,-123.815,54.469,2023-01-22,01,N,1.0503893,2.012826,271.14703,272.77997,272.07352,271.44562,274.26233,4.0,0.0,0.3818995,0.37993062,0.33693287,0.38425738
235,-124.316,54.219,2023-01-22,01,N,1.1762955,1.718955,271.14294,272.5376,272.08838,271.38617,273.88318,2.0,0.0,0.3119747,0.30662775,0.25696337,0.31012064
236,-124.0655,54.219,2023-01-22,01,N,1.2824283,1.8954942,271.4135,272.52936,272.05646,271.61377,274.26782,2.0,0.0,0.35915112,0.35408288,0.30445823,0.3550543
237,-123.815,54.219,2023-01-22,01,N,1.2126522,1.9872956,271.52777,272.6015,272.16254,271.68317,274.38943,4.0,0.0,0.3860981,0.38330507,0.3389355,0.3771427
238,-124.316,53.968,2023-01-22,01,N,1.5494889,1.7493196,271.0615,272.56137,272.04742,271.50708,273.97366,2.9999847,0.0,0.32107088,0.31671247,0.27442276,0.32096064
239,-124.0655,53.968,2023-01-22,01,N,1.4318883,1.7582743,271.1056,272.3585,272.0327,271.47836,273.96133,2.9999847,0.0,0.32247683,0.3177854,0.27836797,0.3246543
240,-123.815,53.968,2023-01-22,01,N,1.2919004,1.8162858,271.20132,272.38803,272.14636,271.45413,273.94943,2.9999847,0.0,0.33521172,0.3327235,0.29914588,0.3318165
241,-120.235,53.305,2023-01-23,01,D,0.40977845,1.7634333,265.55795,273.06174,272.96994,273.46793,274.43832,3.0,0.0013381105,0.28786808,0.29243198,0.30039,0.33624363
242,-119.984,53.305,2023-01-23,01,D,0.28394175,1.6709648,264.97787,273.07596,272.91437,273.4174,274.3573,3.0,0.0012946099,0.30575633,0.3104183,0.31818116,0.35056055
243,-120.235,53.055,2023-01-23,01,D,0.49868768,1.9583645,264.4118,273.006,273.06775,273.50552,274.38336,1.0,0.0012998076,0.22118469,0.22542307,0.2415749,0.2801794
244,-119.984,53.055,2023-01-23,01,D,0.5682495,1.7271339,264.47913,273.0485,273.0174,273.42868,274.2434,1.0,0.0012728452,0.23061012,0.23526496,0.24739653,0.2881524
245,-120.235,52.804,2023-01-23,01,D,0.099354565,1.5962058,264.12192,273.0228,273.14502,273.69223,274.71515,1.0,0.0012596663,0.18182445,0.18415183,0.19239533,0.24412477
246,-119.984,52.804,2023-01-23,01,D,0.3224934,1.4735851,264.13794,273.05145,273.1023,273.60144,274.5326,1.0,0.0012385428,0.18711776,0.19082034,0.19723997,0.24656588
247,-119.175,56.051,2023-01-24,01,D,4.1834126,-0.29167846,273.23093,272.648,271.73544,272.08704,274.9483,4.0,0.0,0.4014334,0.31121248,0.31335405,0.38324195
248,-118.9245,56.051,2023-01-24,01,D,4.352236,-0.7939837,273.0129,272.72498,271.67508,272.0924,275.02588,4.0,0.0,0.4009337,0.31791267,0.31326473,0.38045177
249,-118.674,56.051,2023-01-24,01,D,4.4924974,-1.1406164,272.54465,272.9925,271.55295,271.9565,275.07428,4.0,0.0,0.39783037,0.32326856,0.29845485,0.37015948
250,-119.175,55.801,2023-01-24,01,D,4.732777,-0.32445297,273.93225,272.67392,271.86264,272.373,275.22598,4.0,1.0000829e-06,0.41738617,0.36696905,0.33756614,0.39350343
251,-118.9245,55.801,2023-01-24,01,D,4.9263763,-0.6543098,273.93362,272.76416,271.84988,272.48285,275.41644,4.0,7.1361535e-07,0.41177505,0.35505676,0.326992,0.38950062
252,-118.674,55.801,2023-01-24,01,D,5.034629,-0.9345644,274.0042,272.94522,271.74432,272.31982,275.37808,4.0,2.3744315e-07,0.39379805,0.31993422,0.29669607,0.37393516
253,-119.175,55.55,2023-01-24,01,D,4.972276,-0.6110811,273.93948,272.6244,271.79977,272.13553,274.8793,4.0,2.4789479e-06,0.39851415,0.36524445,0.32962614,0.37308517
254,-118.9245,55.55,2023-01-24,01,D,5.1064095,-0.72821444,274.11304,272.67285,271.81653,272.2579,275.05197,4.0,2.1911565e-06,0.4040837,0.36420307,0.32807907,0.3816875
255,-118.674,55.55,2023-01-24,01,D,5.1487293,-0.84795153,274.3709,272.78943,271.7752,272.0957,274.85767,3.0,1.4273063e-06,0.36178982,0.31733495,0.2790296,0.34304833
256,-114.097,54.519,2023-01-25,01,D,2.8866596,-0.34763524,267.58923,269.06165,270.65134,271.4588,274.53476,4.0,0.0,0.3441185,0.28820527,0.28763694,0.33582553
257,-113.8465,54.519,2023-01-25,01,D,2.9615822,-0.38506842,267.05417,269.0569,270.6661,271.67667,274.758,4.0,0.0,0.3501016,0.2981183,0.3027047,0.35519177
258,-113.596,54.519,2023-01-25,01,D,3.1112053,-0.45372114,266.84967,269.12906,270.75385,271.92523,274.65555,2.9999847,0.0,0.33188418,0.284177,0.29493925,0.3417129
259,-114.097,54.269,2023-01-25,01,D,3.077031,-0.10465819,267.84494,269.4236,270.92062,271.95502,274.8729,4.0,0.0,0.30541673,0.24702662,0.24939042,0.32256788
260,-113.8465,54.269,2023-01-25,01,D,3.0989978,-0.24240175,267.30652,269.30087,270.88037,272.04398,274.95685,4.0,0.0,0.29655886,0.2386206,0.25287113,0.32449102
261,-113.596,54.269,2023-01-25,01,D,3.230558,-0.4442732,267.0493,269.24478,270.88034,272.0811,274.7354,2.9999847,0.0,0.27714595,0.22388858,0.2464151,0.3075071
262,-114.097,54.018,2023-01-25,01,D,3.439963,-0.19891427,268.46536,269.88803,271.1365,272.16397,274.9284,2.0,0.0,0.28994897,0.2343047,0.2424878,0.31457397
263,-113.8465,54.018,2023-01-25,01,D,3.4663405,-0.39401445,267.95514,269.66092,271.06155,272.25986,275.14655,2.0,0.0,0.28413236,0.22624707,0.24686259,0.32109293
264,-113.596,54.018,2023-01-25,01,D,3.5780964,-0.62670714,267.64658,269.5463,271.02118,272.28748,275.11453,2.9999847,0.0,0.2768823,0.22301644,0.24976349,0.3232293
265,-116.625,55.187,2023-01-25,01,N,4.1207137,0.5482856,278.40524,271.90958,271.5716,271.926,274.18958,2.0,0.0,0.3401771,0.294174,0.27838218,0.33678013
266,-116.374,55.187,2023-01-25,01,N,3.9846601,0.53856885,278.04892,271.74847,271.5158,271.91602,274.14514,2.0,0.0,0.33600104,0.29003567,0.27469438,0.33692962
267,-116.625,54.937,2023-01-25,01,N,4.163357,-0.45959833,278.49988,272.34412,271.6004,271.90903,274.12906,2.0,0.0,0.33372334,0.29127845,0.2802944,0.3425859
268,-116.374,54.937,2023-01-25,01,N,4.112346,-0.44739524,278.03198,272.169,271.55542,271.89145,274.06366,2.0,0.0,0.3320105,0.29951125,0.2876194,0.3471897
269,-116.625,54.686,2023-01-25,01,N,3.9929855,-1.3386136,278.78094,272.79416,271.6396,272.13266,274.48212,4.0,0.0,0.36255383,0.31398243,0.3115291,0.37360436
270,-116.374,54.686,2023-01-25,01,N,4.236781,-1.5956964,278.18646,272.5895,271.6192,272.01956,274.13922,2.0,0.0,0.33506796,0.3113127,0.30214128,0.35882422
271,-123.24,57.765,2023-01-26,01,D,3.8771782,1.2770156,276.13852,272.5741,272.0656,272.29184,273.88907,2.0,2.842171e-14,0.23000777,0.19524282,0.22401251,0.2740367
272,-122.9895,57.765,2023-01-26,01,D,3.89931,1.1691546,276.7634,272.6549,272.26395,272.73154,274.07,2.0,2.842171e-14,0.33812556,0.27342474,0.2926584,0.31994802
273,-122.739,57.765,2023-01-26,01,D,4.0299597,0.8038441,276.47015,272.60556,272.24597,272.74524,274.09317,2.0,2.842171e-14,0.3326407,0.26614413,0.28200713,0.31531006
274,-123.24,57.515,2023-01-26,01,D,4.7924232,1.4166871,275.14963,272.62363,272.14914,272.09897,273.7879,2.0,8.987838e-07,0.23815948,0.19999607,0.2277547,0.2866636
275,-122.9895,57.515,2023-01-26,01,D,4.9108977,1.3238962,276.3551,272.90192,272.51846,272.79025,274.01602,2.0,2.842171e-14,0.32436776,0.2666553,0.29143548,0.33778214
276,-122.739,57.515,2023-01-26,01,D,5.1286817,0.9330271,276.4926,272.91275,272.51123,272.85986,274.11142,2.0,2.842171e-14,0.33882964,0.27292007,0.29036704,0.33579287
277,-123.24,57.264,2023-01-26,01,D,5.1427655,1.510265,274.84094,272.83896,272.29675,272.03714,273.74582,2.0,9.132491e-07,0.240647,0.21585141,0.24021405,0.28898036
278,-122.9895,57.264,2023-01-26,01,D,5.436876,1.2340157,275.77573,273.0359,272.58786,272.70956,273.95712,2.0,2.842171e-14,0.3063938,0.28004926,0.29582417,0.3460601
279,-122.739,57.264,2023-01-26,01,D,5.5675774,0.8441707,276.32043,272.91788,272.60474,272.88425,274.10443,2.0,2.842171e-14,0.3328217,0.27211642,0.28783464,0.3432147
280,-119.336,50.52,2023-01-28,01,D,1.3799825,-0.6530877,269.8124,273.15396,273.28043,273.9941,275.71634,2.0,1.5383353e-05,0.3414006,0.31357068,0.2688893,0.30933592
281,-119.0855,50.52,2023-01-28,01,D,1.0250919,-0.7233721,269.7966,273.2325,273.36243,274.09872,275.91528,2.0,0.00029912678,0.3439381,0.31133783,0.26334265,0.3044894
282,-118.835,50.52,2023-01-28,01,D,0.37043047,-0.98255795,269.34225,273.24316,273.35364,274.03262,275.65616,2.0,0.00079946755,0.30967772,0.2847248,0.26533595,0.31501415
283,-119.336,50.27,2023-01-28,01,D,1.2249287,-0.92141193,269.41794,273.13287,273.26697,274.0209,275.84363,2.0,2.8353126e-05,0.32315108,0.28360838,0.23497567,0.2870905
284,-119.0855,50.27,2023-01-28,01,D,0.92655987,-1.0430053,269.1486,273.0785,273.21747,273.9901,275.83072,2.0,0.00030258458,0.32528546,0.2787089,0.22863166,0.2816202
285,-118.835,50.27,2023-01-28,01,D,0.53611386,-1.1209749,268.77258,273.07385,273.19495,273.88608,275.44446,2.0,0.0006237058,0.29968506,0.27249116,0.2484703,0.30835852
286,-119.336,50.019,2023-01-28,01,D,1.3547487,-1.1658423,268.75394,273.21396,273.33234,274.1066,275.95654,2.0,3.0016206e-05,0.32794014,0.28580925,0.23025227,0.28254843
287,-119.0855,50.019,2023-01-28,01,D,0.9971929,-1.4209201,268.2082,273.3327,273.46652,274.2318,276.04855,2.0,0.00018534226,0.31690085,0.2765287,0.22527397,0.28767633
288,-118.835,50.019,2023-01-28,01,D,0.7756501,-1.5687828,268.03766,273.59277,273.74966,274.4127,275.99478,2.0,0.00041748182,0.2940905,0.27704397,0.25183266,0.32241744
